text,intent
Merhaba,selamlama
Hey,selamlama
İyi günler lütfen,selamlama
Herkese merhaba olur mu?,selamlama
Hey,selamlama
Herkese merhaba,selamlama
Nasılsınız?,selamlama
Günaydın,selamlama
Selam,selamlama
Selamlar lütfen,selamlama
Selam olur mu?,selamlama
Selam lütfen,selamlama
Günaydın,selamlama
Merhaba,selamlama
Merhaba lütfen,selamlama
Hoş geldiniz,selamlama
Selamlar olur mu?,selamlama
Selam lütfen,selamlama
"Merhaba, size nasıl yardımcı olabilirim? lütfen",selamlama
Merhaba lütfen,selamlama
Hey lütfen,selamlama
Merhaba lütfen,selamlama
Hoş geldiniz,selamlama
Günaydın lütfen,selamlama
Selamlar,selamlama
Hoş geldiniz,selamlama
"Merhaba, size nasıl yardımcı olabilirim? olur mu?",selamlama
"Merhaba, size nasıl yardımcı olabilirim? lütfen",selamlama
Hey lütfen,selamlama
"Merhaba, size nasıl yardımcı olabilirim? lütfen",selamlama
Hey,selamlama
Selamlar,selamlama
İyi günler,selamlama
Hey,selamlama
Selam,selamlama
Hoş geldiniz lütfen,selamlama
Herkese merhaba,selamlama
Merhaba,selamlama
Merhaba,selamlama
Merhaba lütfen,selamlama
İyi günler olur mu?,selamlama
Hoş geldiniz lütfen,selamlama
Merhaba lütfen,selamlama
Hoş geldiniz olur mu?,selamlama
"Merhaba, size nasıl yardımcı olabilirim?",selamlama
İyi günler lütfen,selamlama
İyi günler,selamlama
Herkese merhaba olur mu?,selamlama
Nasılsınız? lütfen,selamlama
Hoş geldiniz,selamlama
Hey olur mu?,selamlama
"Merhaba, size nasıl yardımcı olabilirim?",selamlama
İyi günler lütfen,selamlama
Nasılsınız? lütfen,selamlama
Hey,selamlama
Hoş geldiniz lütfen,selamlama
Herkese merhaba,selamlama
Herkese merhaba olur mu?,selamlama
Nasılsınız? lütfen,selamlama
Merhaba olur mu?,selamlama
Günaydın,selamlama
Nasılsınız? lütfen,selamlama
Hey,selamlama
Nasılsınız? olur mu?,selamlama
Günaydın,selamlama
Herkese merhaba olur mu?,selamlama
Hoş geldiniz lütfen,selamlama
Hoş geldiniz,selamlama
Selamlar lütfen,selamlama
Hey,selamlama
Nasılsınız?,selamlama
Günaydın lütfen,selamlama
Herkese merhaba olur mu?,selamlama
Merhaba,selamlama
Merhaba,selamlama
Günaydın olur mu?,selamlama
Herkese merhaba lütfen,selamlama
Hey olur mu?,selamlama
Hey lütfen,selamlama
Nasılsınız? olur mu?,selamlama
Selam,selamlama
Herkese merhaba lütfen,selamlama
Selam,selamlama
İyi günler lütfen,selamlama
İyi günler,selamlama
Hey,selamlama
İyi günler,selamlama
"Merhaba, size nasıl yardımcı olabilirim? olur mu?",selamlama
İyi günler,selamlama
Herkese merhaba,selamlama
Merhaba lütfen,selamlama
"Merhaba, size nasıl yardımcı olabilirim?",selamlama
Hey lütfen,selamlama
Selamlar,selamlama
Herkese merhaba,selamlama
Günaydın olur mu?,selamlama
Hoş geldiniz,selamlama
Selamlar olur mu?,selamlama
Hoş geldiniz lütfen,selamlama
Hoş geldiniz lütfen,selamlama
Hoş geldiniz lütfen,selamlama
Merhaba,selamlama
Selam,selamlama
Selamlar olur mu?,selamlama
Günaydın,selamlama
Herkese merhaba,selamlama
Nasılsınız? lütfen,selamlama
"Merhaba, size nasıl yardımcı olabilirim? olur mu?",selamlama
Herkese merhaba lütfen,selamlama
Hoş geldiniz,selamlama
Selam lütfen,selamlama
Hoş geldiniz lütfen,selamlama
Hoş geldiniz,selamlama
Herkese merhaba lütfen,selamlama
Selam,selamlama
Nasılsınız?,selamlama
Selam lütfen,selamlama
Hoş geldiniz,selamlama
Hoş geldiniz,selamlama
Günaydın,selamlama
Nasılsınız?,selamlama
Herkese merhaba olur mu?,selamlama
Merhaba,selamlama
Selamlar lütfen,selamlama
Herkese merhaba lütfen,selamlama
Merhaba,selamlama
Hey,selamlama
Hoş geldiniz,selamlama
"Merhaba, size nasıl yardımcı olabilirim? lütfen",selamlama
Günaydın,selamlama
Selamlar lütfen,selamlama
Hey,selamlama
Nasılsınız? lütfen,selamlama
Günaydın,selamlama
Günaydın,selamlama
Günaydın,selamlama
Hoş geldiniz,selamlama
Günaydın,selamlama
İyi günler lütfen,selamlama
Günaydın lütfen,selamlama
"Merhaba, size nasıl yardımcı olabilirim?",selamlama
Selamlar lütfen,selamlama
Selam,selamlama
Nasılsınız?,selamlama
"Merhaba, size nasıl yardımcı olabilirim?",selamlama
Herkese merhaba,selamlama
Selam olur mu?,selamlama
Herkese merhaba,selamlama
Hey,selamlama
Nasılsınız? lütfen,selamlama
"Teşekkürler, hoşça kal lütfen",veda
Güle güle lütfen,veda
Bay bay,veda
Allahaısmarladık lütfen,veda
Sonra görüşürüz,veda
"Teşekkürler, hoşça kal lütfen",veda
"Teşekkürler, hoşça kal",veda
İyi akşamlar lütfen,veda
Görüşürüz,veda
Güle güle olur mu?,veda
Bay bay,veda
İyi günler dilerim,veda
Bay bay,veda
Allahaısmarladık,veda
Sonra görüşürüz lütfen,veda
"Teşekkürler, hoşça kal lütfen",veda
Allahaısmarladık,veda
Görüşürüz olur mu?,veda
İyi akşamlar,veda
Sonra görüşürüz lütfen,veda
Allahaısmarladık,veda
İyi akşamlar lütfen,veda
Sonra görüşürüz olur mu?,veda
İyi akşamlar,veda
İyi akşamlar,veda
"Teşekkürler, bye",veda
Allahaısmarladık lütfen,veda
Allahaısmarladık,veda
Bay bay olur mu?,veda
Güle güle,veda
Bay bay lütfen,veda
Görüşürüz,veda
Bay bay lütfen,veda
"Teşekkürler, bye",veda
Hoşça kal,veda
Güle güle olur mu?,veda
İyi akşamlar,veda
İyi günler dilerim lütfen,veda
İyi akşamlar,veda
"Teşekkürler, hoşça kal olur mu?",veda
"Teşekkürler, hoşça kal lütfen",veda
İyi akşamlar lütfen,veda
Hoşça kal lütfen,veda
Hoşça kal,veda
İyi akşamlar,veda
Hoşça kal,veda
Hoşça kal,veda
Sonra görüşürüz lütfen,veda
Sonra görüşürüz,veda
Güle güle olur mu?,veda
"Teşekkürler, hoşça kal",veda
Allahaısmarladık,veda
Bay bay,veda
Sonra görüşürüz lütfen,veda
Sonra görüşürüz,veda
"Teşekkürler, bye lütfen",veda
Sonra görüşürüz lütfen,veda
Allahaısmarladık lütfen,veda
Allahaısmarladık,veda
İyi günler dilerim,veda
İyi akşamlar olur mu?,veda
"Teşekkürler, bye",veda
"Teşekkürler, hoşça kal",veda
Allahaısmarladık,veda
Allahaısmarladık,veda
"Teşekkürler, bye",veda
Allahaısmarladık,veda
İyi akşamlar lütfen,veda
Allahaısmarladık,veda
İyi günler dilerim,veda
Görüşürüz lütfen,veda
Bay bay lütfen,veda
"Teşekkürler, bye lütfen",veda
Hoşça kal,veda
Allahaısmarladık,veda
Hoşça kal,veda
İyi akşamlar lütfen,veda
Güle güle,veda
Sonra görüşürüz lütfen,veda
Güle güle lütfen,veda
Görüşürüz,veda
"Teşekkürler, hoşça kal",veda
Sonra görüşürüz lütfen,veda
Güle güle,veda
Allahaısmarladık,veda
Sonra görüşürüz lütfen,veda
Allahaısmarladık lütfen,veda
Güle güle,veda
Görüşürüz,veda
İyi günler dilerim,veda
"Teşekkürler, hoşça kal",veda
Sonra görüşürüz,veda
İyi akşamlar,veda
Güle güle olur mu?,veda
"Teşekkürler, hoşça kal olur mu?",veda
Bay bay,veda
Hoşça kal lütfen,veda
İyi günler dilerim,veda
"Teşekkürler, hoşça kal lütfen",veda
Sonra görüşürüz,veda
Görüşürüz,veda
İyi günler dilerim olur mu?,veda
Allahaısmarladık lütfen,veda
İyi günler dilerim,veda
"Teşekkürler, bye",veda
"Teşekkürler, bye lütfen",veda
Sonra görüşürüz lütfen,veda
İyi akşamlar lütfen,veda
Bay bay,veda
İyi günler dilerim,veda
Bay bay lütfen,veda
Güle güle olur mu?,veda
Allahaısmarladık lütfen,veda
"Teşekkürler, bye lütfen",veda
İyi akşamlar,veda
İyi günler dilerim,veda
Sonra görüşürüz lütfen,veda
Hoşça kal,veda
"Teşekkürler, bye",veda
Sonra görüşürüz,veda
Allahaısmarladık,veda
Güle güle,veda
"Teşekkürler, hoşça kal olur mu?",veda
Görüşürüz,veda
Allahaısmarladık olur mu?,veda
"Teşekkürler, bye",veda
Allahaısmarladık,veda
Allahaısmarladık,veda
"Teşekkürler, hoşça kal",veda
Sonra görüşürüz olur mu?,veda
İyi günler dilerim lütfen,veda
"Teşekkürler, hoşça kal olur mu?",veda
Hoşça kal,veda
İyi günler dilerim lütfen,veda
"Teşekkürler, bye",veda
Güle güle lütfen,veda
"Teşekkürler, bye",veda
Sonra görüşürüz,veda
"Teşekkürler, hoşça kal",veda
İyi akşamlar,veda
Allahaısmarladık,veda
Bay bay,veda
Allahaısmarladık lütfen,veda
İyi günler dilerim,veda
"Teşekkürler, hoşça kal",veda
İyi günler dilerim lütfen,veda
Hoşça kal,veda
Hoşça kal,veda
Görüşürüz lütfen,veda
Güle güle lütfen,veda
Öğle yemeği için ne önerirsin?,ana_ogun
Akşam yemeği için tarif verir misin?,ana_ogun
Doyurucu bir ana yemek önerisi lütfen,ana_ogun
Doyurucu bir ana yemek önerisi olur mu?,ana_ogun
Doyurucu bir ana yemek önerisi olur mu?,ana_ogun
Kahvaltıdan sonra ne yemeli? lütfen,ana_ogun
Akşam yemeği için tarif verir misin? lütfen,ana_ogun
Doyurucu bir ana yemek önerisi,ana_ogun
Evde ana yemek yapmak istiyorum lütfen,ana_ogun
Ana yemek tarifi isterim olur mu?,ana_ogun
Hafif ana öğün öner olur mu?,ana_ogun
Ana öğün için kolay yemek önerisi var mı?,ana_ogun
Bugün ne pişirebilirim akşam yemeği olarak?,ana_ogun
Ana yemek tarifi isterim,ana_ogun
Evde ana yemek yapmak istiyorum lütfen,ana_ogun
Evde ana yemek yapmak istiyorum,ana_ogun
Pratik ana öğün tarifleri,ana_ogun
Akşam yemeği için tarif verir misin? lütfen,ana_ogun
Ana öğün için kolay yemek önerisi var mı? lütfen,ana_ogun
Pratik ana öğün tarifleri lütfen,ana_ogun
Evde ana yemek yapmak istiyorum,ana_ogun
Evde ana yemek yapmak istiyorum,ana_ogun
Pratik ana öğün tarifleri lütfen,ana_ogun
Öğle yemeği için ne önerirsin?,ana_ogun
Öğle yemeği için ne önerirsin? lütfen,ana_ogun
Pratik ana öğün tarifleri lütfen,ana_ogun
Evde ana yemek yapmak istiyorum lütfen,ana_ogun
Kahvaltıdan sonra ne yemeli?,ana_ogun
Doyurucu bir ana yemek önerisi lütfen,ana_ogun
Pratik ana öğün tarifleri,ana_ogun
Ana yemek tarifi isterim lütfen,ana_ogun
Bugün ne pişirebilirim akşam yemeği olarak? lütfen,ana_ogun
Ana öğün için kolay yemek önerisi var mı? lütfen,ana_ogun
Evde ana yemek yapmak istiyorum,ana_ogun
Pratik ana öğün tarifleri lütfen,ana_ogun
Kahvaltıdan sonra ne yemeli? olur mu?,ana_ogun
Evde ana yemek yapmak istiyorum,ana_ogun
Bugün ne pişirebilirim akşam yemeği olarak? lütfen,ana_ogun
Öğle yemeği için ne önerirsin? lütfen,ana_ogun
Ana yemek tarifi isterim,ana_ogun
Doyurucu bir ana yemek önerisi,ana_ogun
Bugün ne pişirebilirim akşam yemeği olarak? lütfen,ana_ogun
Akşam yemeği için tarif verir misin?,ana_ogun
Öğle yemeği için ne önerirsin?,ana_ogun
Evde ana yemek yapmak istiyorum,ana_ogun
Ana yemek tarifi isterim,ana_ogun
Öğle yemeği için ne önerirsin? olur mu?,ana_ogun
Evde ana yemek yapmak istiyorum,ana_ogun
Pratik ana öğün tarifleri,ana_ogun
Kahvaltıdan sonra ne yemeli? lütfen,ana_ogun
Ana yemek tarifi isterim,ana_ogun
Evde ana yemek yapmak istiyorum lütfen,ana_ogun
Doyurucu bir ana yemek önerisi,ana_ogun
Ana öğün için kolay yemek önerisi var mı?,ana_ogun
Ana yemek tarifi isterim lütfen,ana_ogun
Ana öğün için kolay yemek önerisi var mı?,ana_ogun
Öğle yemeği için ne önerirsin?,ana_ogun
Doyurucu bir ana yemek önerisi,ana_ogun
Öğle yemeği için ne önerirsin? olur mu?,ana_ogun
Doyurucu bir ana yemek önerisi lütfen,ana_ogun
Bugün ne pişirebilirim akşam yemeği olarak? lütfen,ana_ogun
Hafif ana öğün öner,ana_ogun
Ana öğün için kolay yemek önerisi var mı?,ana_ogun
Evde ana yemek yapmak istiyorum,ana_ogun
Doyurucu bir ana yemek önerisi,ana_ogun
Evde ana yemek yapmak istiyorum,ana_ogun
Pratik ana öğün tarifleri lütfen,ana_ogun
Akşam yemeği için tarif verir misin?,ana_ogun
Hafif ana öğün öner,ana_ogun
Kahvaltıdan sonra ne yemeli?,ana_ogun
Ana öğün için kolay yemek önerisi var mı? lütfen,ana_ogun
Hafif ana öğün öner,ana_ogun
Hafif ana öğün öner,ana_ogun
Pratik ana öğün tarifleri,ana_ogun
Ana yemek tarifi isterim lütfen,ana_ogun
Ana öğün için kolay yemek önerisi var mı? olur mu?,ana_ogun
Kahvaltıdan sonra ne yemeli? lütfen,ana_ogun
Ana öğün için kolay yemek önerisi var mı? lütfen,ana_ogun
Evde ana yemek yapmak istiyorum,ana_ogun
Ana öğün için kolay yemek önerisi var mı?,ana_ogun
Akşam yemeği için tarif verir misin? lütfen,ana_ogun
Evde ana yemek yapmak istiyorum,ana_ogun
Doyurucu bir ana yemek önerisi olur mu?,ana_ogun
Evde ana yemek yapmak istiyorum,ana_ogun
Kahvaltıdan sonra ne yemeli? olur mu?,ana_ogun
Ana öğün için kolay yemek önerisi var mı? olur mu?,ana_ogun
Ana yemek tarifi isterim,ana_ogun
Ana yemek tarifi isterim olur mu?,ana_ogun
Pratik ana öğün tarifleri,ana_ogun
Evde ana yemek yapmak istiyorum,ana_ogun
Evde ana yemek yapmak istiyorum,ana_ogun
Pratik ana öğün tarifleri lütfen,ana_ogun
Pratik ana öğün tarifleri olur mu?,ana_ogun
Evde ana yemek yapmak istiyorum,ana_ogun
Doyurucu bir ana yemek önerisi lütfen,ana_ogun
Doyurucu bir ana yemek önerisi,ana_ogun
Ana öğün için kolay yemek önerisi var mı? lütfen,ana_ogun
Akşam yemeği için tarif verir misin? olur mu?,ana_ogun
Kahvaltıdan sonra ne yemeli? lütfen,ana_ogun
Öğle yemeği için ne önerirsin?,ana_ogun
Ana öğün için kolay yemek önerisi var mı?,ana_ogun
Ana öğün için kolay yemek önerisi var mı?,ana_ogun
Doyurucu bir ana yemek önerisi,ana_ogun
Ana yemek tarifi isterim lütfen,ana_ogun
Kahvaltıdan sonra ne yemeli?,ana_ogun
Doyurucu bir ana yemek önerisi,ana_ogun
Pratik ana öğün tarifleri,ana_ogun
Evde ana yemek yapmak istiyorum,ana_ogun
Doyurucu bir ana yemek önerisi lütfen,ana_ogun
Bugün ne pişirebilirim akşam yemeği olarak? lütfen,ana_ogun
Doyurucu bir ana yemek önerisi,ana_ogun
Öğle yemeği için ne önerirsin?,ana_ogun
Öğle yemeği için ne önerirsin?,ana_ogun
Bugün ne pişirebilirim akşam yemeği olarak? lütfen,ana_ogun
Bugün ne pişirebilirim akşam yemeği olarak? lütfen,ana_ogun
Öğle yemeği için ne önerirsin? olur mu?,ana_ogun
Ana öğün için kolay yemek önerisi var mı?,ana_ogun
Evde ana yemek yapmak istiyorum,ana_ogun
Hafif ana öğün öner lütfen,ana_ogun
Ana yemek tarifi isterim lütfen,ana_ogun
Doyurucu bir ana yemek önerisi,ana_ogun
Hafif ana öğün öner olur mu?,ana_ogun
Ana öğün için kolay yemek önerisi var mı?,ana_ogun
Hafif ana öğün öner lütfen,ana_ogun
Bugün ne pişirebilirim akşam yemeği olarak?,ana_ogun
Kahvaltıdan sonra ne yemeli?,ana_ogun
Pratik ana öğün tarifleri,ana_ogun
Evde ana yemek yapmak istiyorum lütfen,ana_ogun
Hafif ana öğün öner,ana_ogun
Pratik ana öğün tarifleri,ana_ogun
Evde ana yemek yapmak istiyorum olur mu?,ana_ogun
Öğle yemeği için ne önerirsin?,ana_ogun
Bugün ne pişirebilirim akşam yemeği olarak? olur mu?,ana_ogun
Ana öğün için kolay yemek önerisi var mı? olur mu?,ana_ogun
Pratik ana öğün tarifleri,ana_ogun
Ana yemek tarifi isterim,ana_ogun
Hafif ana öğün öner,ana_ogun
Akşam yemeği için tarif verir misin? lütfen,ana_ogun
Akşam yemeği için tarif verir misin? olur mu?,ana_ogun
Hafif ana öğün öner,ana_ogun
Akşam yemeği için tarif verir misin? olur mu?,ana_ogun
Kahvaltıdan sonra ne yemeli?,ana_ogun
Bugün ne pişirebilirim akşam yemeği olarak? lütfen,ana_ogun
Öğle yemeği için ne önerirsin?,ana_ogun
Pratik ana öğün tarifleri,ana_ogun
Ana yemek tarifi isterim,ana_ogun
Evde ana yemek yapmak istiyorum olur mu?,ana_ogun
Ana öğün için kolay yemek önerisi var mı? lütfen,ana_ogun
Bugün ne pişirebilirim akşam yemeği olarak? olur mu?,ana_ogun
Kahvaltıdan sonra ne yemeli?,ana_ogun
Ofiste ara öğün için ne yapabilirim?,ara_ogun
Kolay ara öğün tarifleri lütfen,ara_ogun
Canım atıştırmalık istedi,ara_ogun
Ara öğün için sağlıklı ne var?,ara_ogun
Kolay ara öğün tarifleri,ara_ogun
Kolay ara öğün tarifleri,ara_ogun
Kısa sürede yapılacak ara öğün önerileri,ara_ogun
Küçük bir şeyler yemek istiyorum lütfen,ara_ogun
Atıştırmalık önerir misin? lütfen,ara_ogun
Sağlıklı atıştırmalıklar nelerdir?,ara_ogun
Enerji veren ara öğün öner,ara_ogun
Kolay ara öğün tarifleri lütfen,ara_ogun
Ara öğün için sağlıklı ne var? lütfen,ara_ogun
Kısa sürede yapılacak ara öğün önerileri,ara_ogun
Küçük bir şeyler yemek istiyorum,ara_ogun
Sağlıklı atıştırmalıklar nelerdir?,ara_ogun
Atıştırmalık önerir misin? lütfen,ara_ogun
Ofiste ara öğün için ne yapabilirim?,ara_ogun
Enerji veren ara öğün öner,ara_ogun
Tatlı olmayan ara öğün önerisi,ara_ogun
Tatlı olmayan ara öğün önerisi lütfen,ara_ogun
Ofiste ara öğün için ne yapabilirim?,ara_ogun
Sağlıklı atıştırmalıklar nelerdir? olur mu?,ara_ogun
Atıştırmalık önerir misin?,ara_ogun
Tatlı olmayan ara öğün önerisi olur mu?,ara_ogun
Enerji veren ara öğün öner lütfen,ara_ogun
Ofiste ara öğün için ne yapabilirim?,ara_ogun
Tatlı olmayan ara öğün önerisi lütfen,ara_ogun
Canım atıştırmalık istedi,ara_ogun
Küçük bir şeyler yemek istiyorum lütfen,ara_ogun
Küçük bir şeyler yemek istiyorum lütfen,ara_ogun
Küçük bir şeyler yemek istiyorum,ara_ogun
Kolay ara öğün tarifleri,ara_ogun
Tatlı olmayan ara öğün önerisi lütfen,ara_ogun
Ara öğün için sağlıklı ne var? lütfen,ara_ogun
Kısa sürede yapılacak ara öğün önerileri,ara_ogun
Kısa sürede yapılacak ara öğün önerileri,ara_ogun
Enerji veren ara öğün öner lütfen,ara_ogun
Sağlıklı atıştırmalıklar nelerdir? olur mu?,ara_ogun
Sağlıklı atıştırmalıklar nelerdir?,ara_ogun
Ara öğün için sağlıklı ne var? lütfen,ara_ogun
Atıştırmalık önerir misin? lütfen,ara_ogun
Kısa sürede yapılacak ara öğün önerileri,ara_ogun
Atıştırmalık önerir misin? lütfen,ara_ogun
Sağlıklı atıştırmalıklar nelerdir?,ara_ogun
Tatlı olmayan ara öğün önerisi,ara_ogun
Tatlı olmayan ara öğün önerisi olur mu?,ara_ogun
Sağlıklı atıştırmalıklar nelerdir?,ara_ogun
Küçük bir şeyler yemek istiyorum lütfen,ara_ogun
Enerji veren ara öğün öner lütfen,ara_ogun
Küçük bir şeyler yemek istiyorum,ara_ogun
Küçük bir şeyler yemek istiyorum,ara_ogun
Küçük bir şeyler yemek istiyorum lütfen,ara_ogun
Tatlı olmayan ara öğün önerisi lütfen,ara_ogun
Kolay ara öğün tarifleri lütfen,ara_ogun
Ofiste ara öğün için ne yapabilirim?,ara_ogun
Sağlıklı atıştırmalıklar nelerdir?,ara_ogun
Ara öğün için sağlıklı ne var?,ara_ogun
Enerji veren ara öğün öner,ara_ogun
Kolay ara öğün tarifleri,ara_ogun
Sağlıklı atıştırmalıklar nelerdir? olur mu?,ara_ogun
Kısa sürede yapılacak ara öğün önerileri lütfen,ara_ogun
Atıştırmalık önerir misin?,ara_ogun
Ofiste ara öğün için ne yapabilirim?,ara_ogun
Ara öğün için sağlıklı ne var? lütfen,ara_ogun
Ara öğün için sağlıklı ne var?,ara_ogun
Atıştırmalık önerir misin? lütfen,ara_ogun
Kolay ara öğün tarifleri lütfen,ara_ogun
Atıştırmalık önerir misin?,ara_ogun
Ara öğün için sağlıklı ne var? lütfen,ara_ogun
Küçük bir şeyler yemek istiyorum lütfen,ara_ogun
Kolay ara öğün tarifleri olur mu?,ara_ogun
Ara öğün için sağlıklı ne var?,ara_ogun
Kısa sürede yapılacak ara öğün önerileri,ara_ogun
Küçük bir şeyler yemek istiyorum lütfen,ara_ogun
Ofiste ara öğün için ne yapabilirim?,ara_ogun
Sağlıklı atıştırmalıklar nelerdir? lütfen,ara_ogun
Ofiste ara öğün için ne yapabilirim? lütfen,ara_ogun
Atıştırmalık önerir misin?,ara_ogun
Ara öğün için sağlıklı ne var?,ara_ogun
Canım atıştırmalık istedi,ara_ogun
Ofiste ara öğün için ne yapabilirim? olur mu?,ara_ogun
Küçük bir şeyler yemek istiyorum lütfen,ara_ogun
Atıştırmalık önerir misin? olur mu?,ara_ogun
Tatlı olmayan ara öğün önerisi olur mu?,ara_ogun
Küçük bir şeyler yemek istiyorum,ara_ogun
Ofiste ara öğün için ne yapabilirim? lütfen,ara_ogun
Küçük bir şeyler yemek istiyorum,ara_ogun
Tatlı olmayan ara öğün önerisi,ara_ogun
Kolay ara öğün tarifleri,ara_ogun
Ofiste ara öğün için ne yapabilirim?,ara_ogun
Ara öğün için sağlıklı ne var? lütfen,ara_ogun
Ara öğün için sağlıklı ne var? olur mu?,ara_ogun
Sağlıklı atıştırmalıklar nelerdir?,ara_ogun
Sağlıklı atıştırmalıklar nelerdir?,ara_ogun
Kolay ara öğün tarifleri,ara_ogun
Kısa sürede yapılacak ara öğün önerileri lütfen,ara_ogun
Tatlı olmayan ara öğün önerisi lütfen,ara_ogun
Canım atıştırmalık istedi,ara_ogun
Ofiste ara öğün için ne yapabilirim?,ara_ogun
Sağlıklı atıştırmalıklar nelerdir?,ara_ogun
Ofiste ara öğün için ne yapabilirim?,ara_ogun
Küçük bir şeyler yemek istiyorum,ara_ogun
Küçük bir şeyler yemek istiyorum lütfen,ara_ogun
Ara öğün için sağlıklı ne var?,ara_ogun
Kısa sürede yapılacak ara öğün önerileri olur mu?,ara_ogun
Atıştırmalık önerir misin?,ara_ogun
Ofiste ara öğün için ne yapabilirim?,ara_ogun
Küçük bir şeyler yemek istiyorum lütfen,ara_ogun
Canım atıştırmalık istedi,ara_ogun
Ara öğün için sağlıklı ne var? lütfen,ara_ogun
Küçük bir şeyler yemek istiyorum olur mu?,ara_ogun
Canım atıştırmalık istedi,ara_ogun
Enerji veren ara öğün öner olur mu?,ara_ogun
Kolay ara öğün tarifleri,ara_ogun
Enerji veren ara öğün öner lütfen,ara_ogun
Kolay ara öğün tarifleri,ara_ogun
Kısa sürede yapılacak ara öğün önerileri,ara_ogun
Kısa sürede yapılacak ara öğün önerileri lütfen,ara_ogun
Tatlı olmayan ara öğün önerisi,ara_ogun
Enerji veren ara öğün öner,ara_ogun
Kolay ara öğün tarifleri,ara_ogun
Canım atıştırmalık istedi,ara_ogun
Kolay ara öğün tarifleri,ara_ogun
Enerji veren ara öğün öner lütfen,ara_ogun
Küçük bir şeyler yemek istiyorum lütfen,ara_ogun
Kolay ara öğün tarifleri,ara_ogun
Kısa sürede yapılacak ara öğün önerileri,ara_ogun
Kısa sürede yapılacak ara öğün önerileri,ara_ogun
Canım atıştırmalık istedi lütfen,ara_ogun
Kolay ara öğün tarifleri lütfen,ara_ogun
Ofiste ara öğün için ne yapabilirim?,ara_ogun
Sağlıklı atıştırmalıklar nelerdir? lütfen,ara_ogun
Küçük bir şeyler yemek istiyorum olur mu?,ara_ogun
Atıştırmalık önerir misin? lütfen,ara_ogun
Kısa sürede yapılacak ara öğün önerileri,ara_ogun
Atıştırmalık önerir misin? lütfen,ara_ogun
Kolay ara öğün tarifleri,ara_ogun
Canım atıştırmalık istedi,ara_ogun
Ofiste ara öğün için ne yapabilirim? lütfen,ara_ogun
Kısa sürede yapılacak ara öğün önerileri,ara_ogun
Tatlı olmayan ara öğün önerisi,ara_ogun
Kısa sürede yapılacak ara öğün önerileri lütfen,ara_ogun
Küçük bir şeyler yemek istiyorum,ara_ogun
Atıştırmalık önerir misin? lütfen,ara_ogun
Sağlıklı atıştırmalıklar nelerdir? lütfen,ara_ogun
Enerji veren ara öğün öner,ara_ogun
Canım atıştırmalık istedi lütfen,ara_ogun
Enerji veren ara öğün öner lütfen,ara_ogun
Canım atıştırmalık istedi lütfen,ara_ogun
Ev yapımı tatlı tarifi ver olur mu?,tatli
Sağlıklı tatlı önerileri,tatli
Şekerli tatlı önerir misin? lütfen,tatli
Kolay tatlı tarifleri,tatli
Kolay tatlı tarifleri olur mu?,tatli
Tatlı tarifin var mı?,tatli
Kolay tatlı tarifleri,tatli
Tatlı krizine ne iyi gelir?,tatli
Tatlı krizine ne iyi gelir? lütfen,tatli
Tatlı tarifin var mı? lütfen,tatli
Çikolatalı tatlı nasıl yapılır? lütfen,tatli
Tatlı yapmak istiyorum lütfen,tatli
Şekerli tatlı önerir misin?,tatli
Tatlı krizine ne iyi gelir?,tatli
Tatlı tarifin var mı?,tatli
Çikolatalı tatlı nasıl yapılır?,tatli
Meyveli tatlı öner lütfen,tatli
Hafif tatlı tarifleri olur mu?,tatli
Meyveli tatlı öner lütfen,tatli
Kolay tatlı tarifleri olur mu?,tatli
Meyveli tatlı öner,tatli
Ev yapımı tatlı tarifi ver,tatli
Meyveli tatlı öner olur mu?,tatli
Ev yapımı tatlı tarifi ver,tatli
Tatlı yapmak istiyorum lütfen,tatli
Ev yapımı tatlı tarifi ver lütfen,tatli
Ev yapımı tatlı tarifi ver,tatli
Sağlıklı tatlı önerileri,tatli
Şekerli tatlı önerir misin? olur mu?,tatli
Ev yapımı tatlı tarifi ver lütfen,tatli
Şekerli tatlı önerir misin? olur mu?,tatli
Tatlı yapmak istiyorum,tatli
Şekerli tatlı önerir misin?,tatli
Tatlı yapmak istiyorum lütfen,tatli
Tatlı yapmak istiyorum,tatli
Hafif tatlı tarifleri lütfen,tatli
Kolay tatlı tarifleri olur mu?,tatli
Kolay tatlı tarifleri lütfen,tatli
Meyveli tatlı öner,tatli
Çikolatalı tatlı nasıl yapılır? lütfen,tatli
Şekerli tatlı önerir misin?,tatli
Çikolatalı tatlı nasıl yapılır?,tatli
Sağlıklı tatlı önerileri olur mu?,tatli
Tatlı tarifin var mı?,tatli
Sağlıklı tatlı önerileri,tatli
Ev yapımı tatlı tarifi ver,tatli
Tatlı tarifin var mı?,tatli
Kolay tatlı tarifleri,tatli
Ev yapımı tatlı tarifi ver,tatli
Tatlı tarifin var mı?,tatli
Sağlıklı tatlı önerileri,tatli
Hafif tatlı tarifleri,tatli
Tatlı krizine ne iyi gelir? lütfen,tatli
Meyveli tatlı öner,tatli
Sağlıklı tatlı önerileri,tatli
Tatlı krizine ne iyi gelir?,tatli
Şekerli tatlı önerir misin? lütfen,tatli
Tatlı tarifin var mı? lütfen,tatli
Meyveli tatlı öner,tatli
Kolay tatlı tarifleri,tatli
Çikolatalı tatlı nasıl yapılır?,tatli
Tatlı krizine ne iyi gelir?,tatli
Tatlı yapmak istiyorum,tatli
Tatlı krizine ne iyi gelir? lütfen,tatli
Tatlı yapmak istiyorum lütfen,tatli
Çikolatalı tatlı nasıl yapılır?,tatli
Çikolatalı tatlı nasıl yapılır? lütfen,tatli
Çikolatalı tatlı nasıl yapılır?,tatli
Kolay tatlı tarifleri olur mu?,tatli
Meyveli tatlı öner,tatli
Tatlı tarifin var mı?,tatli
Ev yapımı tatlı tarifi ver,tatli
Ev yapımı tatlı tarifi ver,tatli
Tatlı krizine ne iyi gelir?,tatli
Tatlı tarifin var mı? lütfen,tatli
Sağlıklı tatlı önerileri lütfen,tatli
Tatlı tarifin var mı?,tatli
Tatlı yapmak istiyorum olur mu?,tatli
Tatlı krizine ne iyi gelir? olur mu?,tatli
Tatlı krizine ne iyi gelir?,tatli
Çikolatalı tatlı nasıl yapılır? lütfen,tatli
Tatlı yapmak istiyorum,tatli
Şekerli tatlı önerir misin?,tatli
Şekerli tatlı önerir misin? olur mu?,tatli
Tatlı tarifin var mı? lütfen,tatli
Ev yapımı tatlı tarifi ver lütfen,tatli
Tatlı krizine ne iyi gelir?,tatli
Meyveli tatlı öner olur mu?,tatli
Tatlı tarifin var mı?,tatli
Çikolatalı tatlı nasıl yapılır?,tatli
Meyveli tatlı öner,tatli
Hafif tatlı tarifleri lütfen,tatli
Ev yapımı tatlı tarifi ver,tatli
Tatlı krizine ne iyi gelir?,tatli
Tatlı tarifin var mı?,tatli
Meyveli tatlı öner lütfen,tatli
Tatlı krizine ne iyi gelir? lütfen,tatli
Kolay tatlı tarifleri,tatli
Tatlı tarifin var mı? lütfen,tatli
Ev yapımı tatlı tarifi ver,tatli
Meyveli tatlı öner,tatli
Çikolatalı tatlı nasıl yapılır? lütfen,tatli
Sağlıklı tatlı önerileri,tatli
Çikolatalı tatlı nasıl yapılır?,tatli
Çikolatalı tatlı nasıl yapılır?,tatli
Sağlıklı tatlı önerileri lütfen,tatli
Tatlı krizine ne iyi gelir?,tatli
Sağlıklı tatlı önerileri,tatli
Ev yapımı tatlı tarifi ver olur mu?,tatli
Tatlı tarifin var mı?,tatli
Tatlı krizine ne iyi gelir?,tatli
Hafif tatlı tarifleri,tatli
Tatlı yapmak istiyorum,tatli
Ev yapımı tatlı tarifi ver,tatli
Tatlı tarifin var mı?,tatli
Tatlı yapmak istiyorum,tatli
Tatlı yapmak istiyorum lütfen,tatli
Meyveli tatlı öner olur mu?,tatli
Ev yapımı tatlı tarifi ver lütfen,tatli
Sağlıklı tatlı önerileri,tatli
Şekerli tatlı önerir misin?,tatli
Tatlı tarifin var mı? lütfen,tatli
Meyveli tatlı öner lütfen,tatli
Hafif tatlı tarifleri,tatli
Tatlı tarifin var mı?,tatli
Sağlıklı tatlı önerileri,tatli
Tatlı tarifin var mı? lütfen,tatli
Hafif tatlı tarifleri,tatli
Meyveli tatlı öner,tatli
Meyveli tatlı öner,tatli
Kolay tatlı tarifleri,tatli
Meyveli tatlı öner,tatli
Tatlı tarifin var mı?,tatli
Ev yapımı tatlı tarifi ver lütfen,tatli
Hafif tatlı tarifleri,tatli
Tatlı krizine ne iyi gelir? olur mu?,tatli
Kolay tatlı tarifleri lütfen,tatli
Şekerli tatlı önerir misin? lütfen,tatli
Tatlı yapmak istiyorum,tatli
Tatlı krizine ne iyi gelir? olur mu?,tatli
Hafif tatlı tarifleri,tatli
Ev yapımı tatlı tarifi ver olur mu?,tatli
Kolay tatlı tarifleri,tatli
Meyveli tatlı öner lütfen,tatli
Kolay tatlı tarifleri,tatli
Ev yapımı tatlı tarifi ver lütfen,tatli
Meyveli tatlı öner,tatli
Şekerli tatlı önerir misin? lütfen,tatli
Sağlıklı tatlı önerileri,tatli
Hafif tatlı tarifleri olur mu?,tatli
Hızlı kahvaltı önerileri,kahvalti
Kahvaltı için ne önerirsin? lütfen,kahvalti
Pratik kahvaltılık tarifleri var mı?,kahvalti
Pratik kahvaltılık tarifleri var mı?,kahvalti
Kahvaltı için ne önerirsin? lütfen,kahvalti
Güzel bir kahvaltı menüsü yapalım olur mu?,kahvalti
Peynirli kahvaltılık tarifleri,kahvalti
Kahvaltılık sağlıklı seçenekler lütfen,kahvalti
Hızlı kahvaltı önerileri olur mu?,kahvalti
Pratik kahvaltılık tarifleri var mı? lütfen,kahvalti
Kahvaltılık sağlıklı seçenekler olur mu?,kahvalti
Kahvaltı için değişik tarifler,kahvalti
Kahvaltı için ne önerirsin?,kahvalti
Güzel bir kahvaltı menüsü yapalım,kahvalti
Kahvaltılık sağlıklı seçenekler olur mu?,kahvalti
Kahvaltıda ne pişirsem?,kahvalti
Kahvaltı tabağı için öneri,kahvalti
Kahvaltı için ne önerirsin?,kahvalti
Kahvaltıda ne pişirsem?,kahvalti
Kahvaltı için değişik tarifler,kahvalti
Kahvaltıda ne pişirsem? lütfen,kahvalti
Kahvaltıda ne pişirsem?,kahvalti
Güzel bir kahvaltı menüsü yapalım,kahvalti
Peynirli kahvaltılık tarifleri lütfen,kahvalti
Kahvaltı için değişik tarifler lütfen,kahvalti
Güzel bir kahvaltı menüsü yapalım lütfen,kahvalti
Kahvaltıda ne pişirsem?,kahvalti
Peynirli kahvaltılık tarifleri,kahvalti
Kahvaltı için değişik tarifler lütfen,kahvalti
Kahvaltı için değişik tarifler olur mu?,kahvalti
Kahvaltılık sağlıklı seçenekler,kahvalti
Kahvaltıda ne pişirsem?,kahvalti
Kahvaltıda ne pişirsem?,kahvalti
Kahvaltı için değişik tarifler,kahvalti
Peynirli kahvaltılık tarifleri,kahvalti
Peynirli kahvaltılık tarifleri lütfen,kahvalti
Kahvaltı için değişik tarifler,kahvalti
Hızlı kahvaltı önerileri lütfen,kahvalti
Kahvaltı için ne önerirsin?,kahvalti
Kahvaltı için ne önerirsin? lütfen,kahvalti
Kahvaltılık sağlıklı seçenekler olur mu?,kahvalti
Güzel bir kahvaltı menüsü yapalım lütfen,kahvalti
Kahvaltı nasıl hazırlanır? olur mu?,kahvalti
Pratik kahvaltılık tarifleri var mı? olur mu?,kahvalti
Peynirli kahvaltılık tarifleri,kahvalti
Kahvaltılık sağlıklı seçenekler,kahvalti
Kahvaltıda ne pişirsem?,kahvalti
Kahvaltılık sağlıklı seçenekler lütfen,kahvalti
Hızlı kahvaltı önerileri lütfen,kahvalti
Peynirli kahvaltılık tarifleri olur mu?,kahvalti
Kahvaltı tabağı için öneri,kahvalti
Kahvaltılık sağlıklı seçenekler,kahvalti
Peynirli kahvaltılık tarifleri olur mu?,kahvalti
Hızlı kahvaltı önerileri lütfen,kahvalti
Kahvaltı için ne önerirsin? lütfen,kahvalti
Peynirli kahvaltılık tarifleri,kahvalti
Kahvaltı için ne önerirsin?,kahvalti
Kahvaltıda ne pişirsem?,kahvalti
Kahvaltı için ne önerirsin? olur mu?,kahvalti
Kahvaltıda ne pişirsem?,kahvalti
Hızlı kahvaltı önerileri,kahvalti
Kahvaltı için değişik tarifler,kahvalti
Kahvaltı için ne önerirsin?,kahvalti
Kahvaltı nasıl hazırlanır?,kahvalti
Kahvaltıda ne pişirsem? lütfen,kahvalti
Kahvaltı nasıl hazırlanır?,kahvalti
Kahvaltı için ne önerirsin?,kahvalti
Kahvaltı için ne önerirsin?,kahvalti
Peynirli kahvaltılık tarifleri lütfen,kahvalti
Kahvaltıda ne pişirsem?,kahvalti
Kahvaltı nasıl hazırlanır?,kahvalti
Kahvaltı nasıl hazırlanır?,kahvalti
Kahvaltı nasıl hazırlanır? lütfen,kahvalti
Kahvaltı tabağı için öneri,kahvalti
Kahvaltı nasıl hazırlanır? lütfen,kahvalti
Kahvaltı tabağı için öneri olur mu?,kahvalti
Pratik kahvaltılık tarifleri var mı?,kahvalti
Kahvaltıda ne pişirsem?,kahvalti
Kahvaltı için değişik tarifler,kahvalti
Kahvaltı tabağı için öneri,kahvalti
Kahvaltı için değişik tarifler,kahvalti
Güzel bir kahvaltı menüsü yapalım olur mu?,kahvalti
Hızlı kahvaltı önerileri lütfen,kahvalti
Kahvaltı için ne önerirsin?,kahvalti
Kahvaltı nasıl hazırlanır? lütfen,kahvalti
Kahvaltılık sağlıklı seçenekler,kahvalti
Kahvaltı nasıl hazırlanır?,kahvalti
Kahvaltılık sağlıklı seçenekler,kahvalti
Kahvaltı nasıl hazırlanır?,kahvalti
Güzel bir kahvaltı menüsü yapalım,kahvalti
Kahvaltıda ne pişirsem?,kahvalti
Kahvaltıda ne pişirsem?,kahvalti
Kahvaltılık sağlıklı seçenekler olur mu?,kahvalti
Kahvaltılık sağlıklı seçenekler,kahvalti
Peynirli kahvaltılık tarifleri,kahvalti
Kahvaltı nasıl hazırlanır? olur mu?,kahvalti
Güzel bir kahvaltı menüsü yapalım olur mu?,kahvalti
Kahvaltı için ne önerirsin?,kahvalti
Kahvaltılık sağlıklı seçenekler lütfen,kahvalti
Kahvaltı nasıl hazırlanır? lütfen,kahvalti
Kahvaltıda ne pişirsem?,kahvalti
Kahvaltı için değişik tarifler olur mu?,kahvalti
Pratik kahvaltılık tarifleri var mı? olur mu?,kahvalti
Pratik kahvaltılık tarifleri var mı? lütfen,kahvalti
Kahvaltı için ne önerirsin? lütfen,kahvalti
Kahvaltı için ne önerirsin?,kahvalti
Güzel bir kahvaltı menüsü yapalım,kahvalti
Güzel bir kahvaltı menüsü yapalım olur mu?,kahvalti
Hızlı kahvaltı önerileri lütfen,kahvalti
Hızlı kahvaltı önerileri lütfen,kahvalti
Kahvaltı nasıl hazırlanır?,kahvalti
Kahvaltı için değişik tarifler,kahvalti
Kahvaltı nasıl hazırlanır?,kahvalti
Kahvaltı için ne önerirsin?,kahvalti
Peynirli kahvaltılık tarifleri lütfen,kahvalti
Kahvaltılık sağlıklı seçenekler,kahvalti
Güzel bir kahvaltı menüsü yapalım lütfen,kahvalti
Pratik kahvaltılık tarifleri var mı?,kahvalti
Kahvaltılık sağlıklı seçenekler olur mu?,kahvalti
Pratik kahvaltılık tarifleri var mı? lütfen,kahvalti
Kahvaltı tabağı için öneri,kahvalti
Kahvaltı tabağı için öneri lütfen,kahvalti
Kahvaltı nasıl hazırlanır? lütfen,kahvalti
Peynirli kahvaltılık tarifleri,kahvalti
Peynirli kahvaltılık tarifleri,kahvalti
Kahvaltı için ne önerirsin?,kahvalti
Kahvaltı için ne önerirsin? lütfen,kahvalti
Hızlı kahvaltı önerileri,kahvalti
Kahvaltı nasıl hazırlanır? lütfen,kahvalti
Kahvaltı tabağı için öneri,kahvalti
Güzel bir kahvaltı menüsü yapalım olur mu?,kahvalti
Kahvaltıda ne pişirsem? lütfen,kahvalti
Kahvaltı nasıl hazırlanır? lütfen,kahvalti
Kahvaltılık sağlıklı seçenekler,kahvalti
Pratik kahvaltılık tarifleri var mı?,kahvalti
Kahvaltı nasıl hazırlanır? lütfen,kahvalti
Kahvaltı tabağı için öneri lütfen,kahvalti
Pratik kahvaltılık tarifleri var mı? lütfen,kahvalti
Kahvaltı tabağı için öneri,kahvalti
Pratik kahvaltılık tarifleri var mı? lütfen,kahvalti
Kahvaltı için değişik tarifler lütfen,kahvalti
Peynirli kahvaltılık tarifleri,kahvalti
Kahvaltı tabağı için öneri lütfen,kahvalti
Güzel bir kahvaltı menüsü yapalım lütfen,kahvalti
Güzel bir kahvaltı menüsü yapalım,kahvalti
Pratik kahvaltılık tarifleri var mı?,kahvalti
Peynirli kahvaltılık tarifleri,kahvalti
Güzel bir kahvaltı menüsü yapalım,kahvalti
Pratik kahvaltılık tarifleri var mı? lütfen,kahvalti
Hızlı kahvaltı önerileri,kahvalti
Bu yemek için hangi ürünler gerekli? olur mu?,malzeme_sorgu
Malzemeler hakkında bilgi verir misin?,malzeme_sorgu
Yemekte hangi malzemeler var? lütfen,malzeme_sorgu
Malzemeler hakkında bilgi verir misin? olur mu?,malzeme_sorgu
Yemek için malzeme önerisi lütfen,malzeme_sorgu
Yemekte domates var mı?,malzeme_sorgu
Malzeme listesi lazım,malzeme_sorgu
Hangi baharatları kullanmalıyım?,malzeme_sorgu
Malzemeler nelerdir?,malzeme_sorgu
Tarifte ne kullanılıyor? lütfen,malzeme_sorgu
Malzeme listesi lazım lütfen,malzeme_sorgu
Tarifte ne kullanılıyor? lütfen,malzeme_sorgu
Malzeme listesi lazım,malzeme_sorgu
Tarifte ne kullanılıyor?,malzeme_sorgu
Hangi baharatları kullanmalıyım?,malzeme_sorgu
Yemekte hangi malzemeler var?,malzeme_sorgu
Yemekte hangi malzemeler var?,malzeme_sorgu
Bu yemek için hangi ürünler gerekli? lütfen,malzeme_sorgu
Bu tarifte ne var?,malzeme_sorgu
Bu tarifte ne var?,malzeme_sorgu
Bu tarifte ne var?,malzeme_sorgu
Bu tarifte ne var? olur mu?,malzeme_sorgu
Malzeme listesi lazım,malzeme_sorgu
Bu tarifte ne var? olur mu?,malzeme_sorgu
Tarifte ne kullanılıyor?,malzeme_sorgu
Yemek için malzeme önerisi,malzeme_sorgu
Bu yemek için hangi ürünler gerekli? lütfen,malzeme_sorgu
Malzeme listesi lazım lütfen,malzeme_sorgu
Bu tarifte ne var? olur mu?,malzeme_sorgu
Tarifte ne kullanılıyor?,malzeme_sorgu
Yemekte hangi malzemeler var? lütfen,malzeme_sorgu
Malzeme listesi lazım,malzeme_sorgu
Yemekte hangi malzemeler var? lütfen,malzeme_sorgu
Bu tarifte ne var?,malzeme_sorgu
Malzemeler hakkında bilgi verir misin? lütfen,malzeme_sorgu
Malzeme listesi lazım,malzeme_sorgu
Malzeme listesi lazım lütfen,malzeme_sorgu
Malzemeler nelerdir?,malzeme_sorgu
Tarifte ne kullanılıyor? lütfen,malzeme_sorgu
Yemek için malzeme önerisi lütfen,malzeme_sorgu
Malzemeler hakkında bilgi verir misin?,malzeme_sorgu
Malzemeler nelerdir? lütfen,malzeme_sorgu
Bu tarifte ne var? olur mu?,malzeme_sorgu
Yemekte hangi malzemeler var? olur mu?,malzeme_sorgu
Malzemeler hakkında bilgi verir misin?,malzeme_sorgu
Bu yemek için hangi ürünler gerekli?,malzeme_sorgu
Yemek için malzeme önerisi,malzeme_sorgu
Hangi baharatları kullanmalıyım? lütfen,malzeme_sorgu
Yemekte hangi malzemeler var? lütfen,malzeme_sorgu
Yemek için malzeme önerisi olur mu?,malzeme_sorgu
Malzeme listesi lazım lütfen,malzeme_sorgu
Yemekte hangi malzemeler var?,malzeme_sorgu
Bu yemek için hangi ürünler gerekli?,malzeme_sorgu
Yemekte hangi malzemeler var?,malzeme_sorgu
Yemekte hangi malzemeler var?,malzeme_sorgu
Malzeme listesi lazım,malzeme_sorgu
Malzemeler nelerdir? lütfen,malzeme_sorgu
Malzeme listesi lazım,malzeme_sorgu
Bu yemek için hangi ürünler gerekli? olur mu?,malzeme_sorgu
Tarifte ne kullanılıyor? lütfen,malzeme_sorgu
Hangi baharatları kullanmalıyım? lütfen,malzeme_sorgu
Malzeme listesi lazım olur mu?,malzeme_sorgu
Bu yemek için hangi ürünler gerekli?,malzeme_sorgu
Bu tarifte ne var?,malzeme_sorgu
Malzemeler nelerdir?,malzeme_sorgu
Hangi baharatları kullanmalıyım?,malzeme_sorgu
Malzeme listesi lazım,malzeme_sorgu
Tarifte ne kullanılıyor? olur mu?,malzeme_sorgu
Yemekte domates var mı?,malzeme_sorgu
Malzeme listesi lazım olur mu?,malzeme_sorgu
Yemekte hangi malzemeler var?,malzeme_sorgu
Malzeme listesi lazım,malzeme_sorgu
Hangi baharatları kullanmalıyım? olur mu?,malzeme_sorgu
Yemekte domates var mı? lütfen,malzeme_sorgu
Yemekte hangi malzemeler var? lütfen,malzeme_sorgu
Tarifte ne kullanılıyor?,malzeme_sorgu
Malzeme listesi lazım lütfen,malzeme_sorgu
Malzemeler hakkında bilgi verir misin?,malzeme_sorgu
Yemekte hangi malzemeler var?,malzeme_sorgu
Hangi baharatları kullanmalıyım?,malzeme_sorgu
Yemekte hangi malzemeler var?,malzeme_sorgu
Yemek için malzeme önerisi,malzeme_sorgu
Hangi baharatları kullanmalıyım?,malzeme_sorgu
Hangi baharatları kullanmalıyım?,malzeme_sorgu
Yemekte hangi malzemeler var?,malzeme_sorgu
Yemekte hangi malzemeler var?,malzeme_sorgu
Yemekte domates var mı?,malzeme_sorgu
Hangi baharatları kullanmalıyım? lütfen,malzeme_sorgu
Malzemeler nelerdir?,malzeme_sorgu
Hangi baharatları kullanmalıyım?,malzeme_sorgu
Hangi baharatları kullanmalıyım? lütfen,malzeme_sorgu
Hangi baharatları kullanmalıyım? lütfen,malzeme_sorgu
Yemekte hangi malzemeler var?,malzeme_sorgu
Yemekte domates var mı?,malzeme_sorgu
Yemekte domates var mı? olur mu?,malzeme_sorgu
Hangi baharatları kullanmalıyım? lütfen,malzeme_sorgu
Yemekte hangi malzemeler var?,malzeme_sorgu
Tarifte ne kullanılıyor?,malzeme_sorgu
Hangi baharatları kullanmalıyım?,malzeme_sorgu
Bu tarifte ne var?,malzeme_sorgu
Yemekte domates var mı? lütfen,malzeme_sorgu
Hangi baharatları kullanmalıyım? olur mu?,malzeme_sorgu
Bu tarifte ne var?,malzeme_sorgu
Malzeme listesi lazım,malzeme_sorgu
Malzeme listesi lazım,malzeme_sorgu
Malzemeler nelerdir?,malzeme_sorgu
Tarifte ne kullanılıyor?,malzeme_sorgu
Bu tarifte ne var? olur mu?,malzeme_sorgu
Malzemeler hakkında bilgi verir misin?,malzeme_sorgu
Malzeme listesi lazım,malzeme_sorgu
Malzeme listesi lazım,malzeme_sorgu
Malzemeler hakkında bilgi verir misin? lütfen,malzeme_sorgu
Yemek için malzeme önerisi olur mu?,malzeme_sorgu
Yemekte domates var mı?,malzeme_sorgu
Malzeme listesi lazım lütfen,malzeme_sorgu
Tarifte ne kullanılıyor?,malzeme_sorgu
Bu tarifte ne var?,malzeme_sorgu
Bu tarifte ne var?,malzeme_sorgu
Malzemeler hakkında bilgi verir misin? lütfen,malzeme_sorgu
Tarifte ne kullanılıyor? olur mu?,malzeme_sorgu
Malzemeler hakkında bilgi verir misin?,malzeme_sorgu
Yemekte domates var mı? olur mu?,malzeme_sorgu
Malzeme listesi lazım,malzeme_sorgu
Malzemeler hakkında bilgi verir misin?,malzeme_sorgu
Yemekte hangi malzemeler var? lütfen,malzeme_sorgu
Malzeme listesi lazım olur mu?,malzeme_sorgu
Yemek için malzeme önerisi olur mu?,malzeme_sorgu
Tarifte ne kullanılıyor? lütfen,malzeme_sorgu
Malzemeler hakkında bilgi verir misin? lütfen,malzeme_sorgu
Malzeme listesi lazım,malzeme_sorgu
Malzeme listesi lazım,malzeme_sorgu
Malzeme listesi lazım lütfen,malzeme_sorgu
Yemekte domates var mı?,malzeme_sorgu
Tarifte ne kullanılıyor?,malzeme_sorgu
Bu tarifte ne var?,malzeme_sorgu
Tarifte ne kullanılıyor? lütfen,malzeme_sorgu
Yemekte domates var mı? lütfen,malzeme_sorgu
Yemekte domates var mı?,malzeme_sorgu
Malzeme listesi lazım,malzeme_sorgu
Yemekte domates var mı?,malzeme_sorgu
Malzeme listesi lazım,malzeme_sorgu
Bu tarifte ne var?,malzeme_sorgu
Bu tarifte ne var?,malzeme_sorgu
Yemek için malzeme önerisi,malzeme_sorgu
Yemek için malzeme önerisi,malzeme_sorgu
Yemekte domates var mı?,malzeme_sorgu
Bu tarifte ne var? olur mu?,malzeme_sorgu
Bu yemek için hangi ürünler gerekli?,malzeme_sorgu
Malzemeler nelerdir?,malzeme_sorgu
Tarifte ne kullanılıyor?,malzeme_sorgu
Diyet için sağlıklı yemekler,diyet_onerisi
Sağlıklı diyet menüsü verir misin?,diyet_onerisi
Diyet için ne yemeliyim?,diyet_onerisi
Protein ağırlıklı diyet yemekleri lütfen,diyet_onerisi
Diyet yemek tarifleri isterim,diyet_onerisi
Diyet yemek tarifleri isterim,diyet_onerisi
Az yağlı yemek önerisi lütfen,diyet_onerisi
Az yağlı yemek önerisi,diyet_onerisi
Diyet yemek tarifleri isterim,diyet_onerisi
Diyet yemek tarifleri isterim lütfen,diyet_onerisi
Kilo vermek için tarifler olur mu?,diyet_onerisi
Az yağlı yemek önerisi,diyet_onerisi
Diyet kahvaltı önerisi,diyet_onerisi
Kilo vermek için tarifler lütfen,diyet_onerisi
Düşük kalorili atıştırmalıklar lütfen,diyet_onerisi
Diyet için ne yemeliyim? lütfen,diyet_onerisi
Diyet için sağlıklı yemekler olur mu?,diyet_onerisi
Sağlıklı diyet menüsü verir misin?,diyet_onerisi
Diyet için ne yemeliyim?,diyet_onerisi
Diyet için ne yemeliyim?,diyet_onerisi
Az kalorili yemek önerisi var mı?,diyet_onerisi
Diyet kahvaltı önerisi,diyet_onerisi
Sağlıklı diyet menüsü verir misin? lütfen,diyet_onerisi
Az yağlı yemek önerisi lütfen,diyet_onerisi
Diyet yemek tarifleri isterim lütfen,diyet_onerisi
Sağlıklı diyet menüsü verir misin?,diyet_onerisi
Diyet için ne yemeliyim?,diyet_onerisi
Diyet için sağlıklı yemekler lütfen,diyet_onerisi
Az kalorili yemek önerisi var mı? lütfen,diyet_onerisi
Az kalorili yemek önerisi var mı?,diyet_onerisi
Diyet kahvaltı önerisi,diyet_onerisi
Kilo vermek için tarifler lütfen,diyet_onerisi
Kilo vermek için tarifler,diyet_onerisi
Az yağlı yemek önerisi lütfen,diyet_onerisi
Düşük kalorili atıştırmalıklar,diyet_onerisi
Diyet yemek tarifleri isterim lütfen,diyet_onerisi
Az yağlı yemek önerisi,diyet_onerisi
Sağlıklı diyet menüsü verir misin? lütfen,diyet_onerisi
Kilo vermek için tarifler olur mu?,diyet_onerisi
Diyet yemek tarifleri isterim,diyet_onerisi
Az yağlı yemek önerisi,diyet_onerisi
Diyet için ne yemeliyim? lütfen,diyet_onerisi
Düşük kalorili atıştırmalıklar,diyet_onerisi
Az yağlı yemek önerisi olur mu?,diyet_onerisi
Sağlıklı diyet menüsü verir misin? lütfen,diyet_onerisi
Az yağlı yemek önerisi olur mu?,diyet_onerisi
Protein ağırlıklı diyet yemekleri,diyet_onerisi
Diyet kahvaltı önerisi,diyet_onerisi
Sağlıklı diyet menüsü verir misin?,diyet_onerisi
Diyet yemek tarifleri isterim lütfen,diyet_onerisi
Az yağlı yemek önerisi lütfen,diyet_onerisi
Az yağlı yemek önerisi olur mu?,diyet_onerisi
Az kalorili yemek önerisi var mı? lütfen,diyet_onerisi
Düşük kalorili atıştırmalıklar,diyet_onerisi
Protein ağırlıklı diyet yemekleri,diyet_onerisi
Az yağlı yemek önerisi,diyet_onerisi
Diyet yemek tarifleri isterim lütfen,diyet_onerisi
Az yağlı yemek önerisi lütfen,diyet_onerisi
Sağlıklı diyet menüsü verir misin? lütfen,diyet_onerisi
Az yağlı yemek önerisi lütfen,diyet_onerisi
Sağlıklı diyet menüsü verir misin? lütfen,diyet_onerisi
Protein ağırlıklı diyet yemekleri,diyet_onerisi
Düşük kalorili atıştırmalıklar lütfen,diyet_onerisi
Diyet kahvaltı önerisi,diyet_onerisi
Diyet yemek tarifleri isterim,diyet_onerisi
Az yağlı yemek önerisi olur mu?,diyet_onerisi
Diyet için ne yemeliyim? lütfen,diyet_onerisi
Protein ağırlıklı diyet yemekleri lütfen,diyet_onerisi
Diyet yemek tarifleri isterim,diyet_onerisi
Sağlıklı diyet menüsü verir misin? lütfen,diyet_onerisi
Diyet kahvaltı önerisi,diyet_onerisi
Düşük kalorili atıştırmalıklar lütfen,diyet_onerisi
Az yağlı yemek önerisi,diyet_onerisi
Az yağlı yemek önerisi,diyet_onerisi
Diyet yemek tarifleri isterim lütfen,diyet_onerisi
Kilo vermek için tarifler,diyet_onerisi
Protein ağırlıklı diyet yemekleri,diyet_onerisi
Sağlıklı diyet menüsü verir misin? olur mu?,diyet_onerisi
Diyet kahvaltı önerisi lütfen,diyet_onerisi
Az yağlı yemek önerisi,diyet_onerisi
Sağlıklı diyet menüsü verir misin?,diyet_onerisi
Az kalorili yemek önerisi var mı? lütfen,diyet_onerisi
Az yağlı yemek önerisi olur mu?,diyet_onerisi
Kilo vermek için tarifler lütfen,diyet_onerisi
Sağlıklı diyet menüsü verir misin? lütfen,diyet_onerisi
Düşük kalorili atıştırmalıklar olur mu?,diyet_onerisi
Diyet kahvaltı önerisi olur mu?,diyet_onerisi
Diyet yemek tarifleri isterim lütfen,diyet_onerisi
Diyet kahvaltı önerisi,diyet_onerisi
Kilo vermek için tarifler olur mu?,diyet_onerisi
Protein ağırlıklı diyet yemekleri,diyet_onerisi
Diyet kahvaltı önerisi lütfen,diyet_onerisi
Sağlıklı diyet menüsü verir misin?,diyet_onerisi
Diyet yemek tarifleri isterim,diyet_onerisi
Az kalorili yemek önerisi var mı? lütfen,diyet_onerisi
Sağlıklı diyet menüsü verir misin?,diyet_onerisi
Az yağlı yemek önerisi olur mu?,diyet_onerisi
Protein ağırlıklı diyet yemekleri,diyet_onerisi
Diyet için ne yemeliyim?,diyet_onerisi
Düşük kalorili atıştırmalıklar,diyet_onerisi
Kilo vermek için tarifler lütfen,diyet_onerisi
Az kalorili yemek önerisi var mı? lütfen,diyet_onerisi
Diyet için sağlıklı yemekler,diyet_onerisi
Kilo vermek için tarifler,diyet_onerisi
Diyet kahvaltı önerisi lütfen,diyet_onerisi
Diyet yemek tarifleri isterim olur mu?,diyet_onerisi
Az yağlı yemek önerisi lütfen,diyet_onerisi
Az kalorili yemek önerisi var mı?,diyet_onerisi
Düşük kalorili atıştırmalıklar,diyet_onerisi
Az kalorili yemek önerisi var mı?,diyet_onerisi
Kilo vermek için tarifler,diyet_onerisi
Az kalorili yemek önerisi var mı? olur mu?,diyet_onerisi
Diyet yemek tarifleri isterim,diyet_onerisi
Diyet yemek tarifleri isterim lütfen,diyet_onerisi
Sağlıklı diyet menüsü verir misin? lütfen,diyet_onerisi
Sağlıklı diyet menüsü verir misin?,diyet_onerisi
Az yağlı yemek önerisi,diyet_onerisi
Düşük kalorili atıştırmalıklar olur mu?,diyet_onerisi
Kilo vermek için tarifler,diyet_onerisi
Az yağlı yemek önerisi,diyet_onerisi
Diyet kahvaltı önerisi lütfen,diyet_onerisi
Kilo vermek için tarifler lütfen,diyet_onerisi
Düşük kalorili atıştırmalıklar lütfen,diyet_onerisi
Diyet için ne yemeliyim? olur mu?,diyet_onerisi
Düşük kalorili atıştırmalıklar lütfen,diyet_onerisi
Diyet yemek tarifleri isterim,diyet_onerisi
Protein ağırlıklı diyet yemekleri,diyet_onerisi
Diyet kahvaltı önerisi,diyet_onerisi
Sağlıklı diyet menüsü verir misin? lütfen,diyet_onerisi
Az kalorili yemek önerisi var mı? olur mu?,diyet_onerisi
Az kalorili yemek önerisi var mı?,diyet_onerisi
Diyet yemek tarifleri isterim,diyet_onerisi
Düşük kalorili atıştırmalıklar,diyet_onerisi
Diyet yemek tarifleri isterim,diyet_onerisi
Protein ağırlıklı diyet yemekleri,diyet_onerisi
Kilo vermek için tarifler,diyet_onerisi
Düşük kalorili atıştırmalıklar lütfen,diyet_onerisi
Diyet kahvaltı önerisi,diyet_onerisi
Düşük kalorili atıştırmalıklar,diyet_onerisi
Diyet yemek tarifleri isterim olur mu?,diyet_onerisi
Düşük kalorili atıştırmalıklar,diyet_onerisi
Diyet kahvaltı önerisi,diyet_onerisi
Kilo vermek için tarifler olur mu?,diyet_onerisi
Diyet için ne yemeliyim?,diyet_onerisi
Kilo vermek için tarifler lütfen,diyet_onerisi
Diyet için ne yemeliyim?,diyet_onerisi
Diyet için sağlıklı yemekler lütfen,diyet_onerisi
Diyet kahvaltı önerisi olur mu?,diyet_onerisi
Protein ağırlıklı diyet yemekleri lütfen,diyet_onerisi
Diyet için sağlıklı yemekler,diyet_onerisi
Hangi müzikleri dinliyorsun?,konu_disi
Bugün nasılsın? olur mu?,konu_disi
Seyahat etmeyi sever misin? lütfen,konu_disi
Bugün nasılsın? lütfen,konu_disi
Spor yapmayı seviyor musun?,konu_disi
Film önerir misin? olur mu?,konu_disi
Seyahat etmeyi sever misin?,konu_disi
Hava nasıl bugün?,konu_disi
Bugün hava çok güzel,konu_disi
Film önerir misin?,konu_disi
Hangi müzikleri dinliyorsun?,konu_disi
Spor yapmayı seviyor musun?,konu_disi
Film önerir misin?,konu_disi
Bugün hava çok güzel,konu_disi
Bugün nasılsın? lütfen,konu_disi
Hangi müzikleri dinliyorsun?,konu_disi
Tatil planın var mı? lütfen,konu_disi
Seyahat etmeyi sever misin?,konu_disi
Hafta sonu planların neler? olur mu?,konu_disi
Bugün nasılsın?,konu_disi
Spor yapmayı seviyor musun? lütfen,konu_disi
Kitap önerisi verir misin?,konu_disi
Bugün nasılsın? olur mu?,konu_disi
Hangi müzikleri dinliyorsun?,konu_disi
Hangi müzikleri dinliyorsun? lütfen,konu_disi
Bugün nasılsın? lütfen,konu_disi
Hafta sonu planların neler?,konu_disi
Hafta sonu planların neler?,konu_disi
Hafta sonu planların neler?,konu_disi
Hafta sonu planların neler?,konu_disi
Hava nasıl bugün?,konu_disi
Hafta sonu planların neler?,konu_disi
Tatil planın var mı?,konu_disi
Spor yapmayı seviyor musun?,konu_disi
Kitap önerisi verir misin? lütfen,konu_disi
Bugün nasılsın?,konu_disi
Hava nasıl bugün?,konu_disi
Film önerir misin?,konu_disi
Tatil planın var mı? lütfen,konu_disi
Kitap önerisi verir misin?,konu_disi
Hangi müzikleri dinliyorsun?,konu_disi
Kitap önerisi verir misin?,konu_disi
Bugün hava çok güzel lütfen,konu_disi
Seyahat etmeyi sever misin?,konu_disi
Spor yapmayı seviyor musun?,konu_disi
Tatil planın var mı?,konu_disi
Seyahat etmeyi sever misin?,konu_disi
Spor yapmayı seviyor musun?,konu_disi
Spor yapmayı seviyor musun?,konu_disi
Film önerir misin? lütfen,konu_disi
Film önerir misin?,konu_disi
Hangi müzikleri dinliyorsun? lütfen,konu_disi
Bugün hava çok güzel lütfen,konu_disi
Film önerir misin?,konu_disi
Film önerir misin? olur mu?,konu_disi
Kitap önerisi verir misin?,konu_disi
Bugün hava çok güzel lütfen,konu_disi
Seyahat etmeyi sever misin?,konu_disi
Bugün nasılsın? lütfen,konu_disi
Hava nasıl bugün? olur mu?,konu_disi
Bugün hava çok güzel,konu_disi
Bugün nasılsın?,konu_disi
Hangi müzikleri dinliyorsun?,konu_disi
Kitap önerisi verir misin? olur mu?,konu_disi
Hafta sonu planların neler?,konu_disi
Hangi müzikleri dinliyorsun? lütfen,konu_disi
Hangi müzikleri dinliyorsun?,konu_disi
Bugün hava çok güzel,konu_disi
Hangi müzikleri dinliyorsun? lütfen,konu_disi
Film önerir misin?,konu_disi
Film önerir misin?,konu_disi
Bugün hava çok güzel lütfen,konu_disi
Film önerir misin?,konu_disi
Film önerir misin? lütfen,konu_disi
Bugün hava çok güzel lütfen,konu_disi
Bugün nasılsın? lütfen,konu_disi
Kitap önerisi verir misin?,konu_disi
Tatil planın var mı? lütfen,konu_disi
Bugün hava çok güzel,konu_disi
Seyahat etmeyi sever misin?,konu_disi
Bugün nasılsın?,konu_disi
Hangi müzikleri dinliyorsun? lütfen,konu_disi
Film önerir misin? lütfen,konu_disi
Hafta sonu planların neler? lütfen,konu_disi
Tatil planın var mı? olur mu?,konu_disi
Hangi müzikleri dinliyorsun? olur mu?,konu_disi
Bugün hava çok güzel,konu_disi
Film önerir misin?,konu_disi
Spor yapmayı seviyor musun? lütfen,konu_disi
Hangi müzikleri dinliyorsun? lütfen,konu_disi
Kitap önerisi verir misin?,konu_disi
Hangi müzikleri dinliyorsun?,konu_disi
Hafta sonu planların neler?,konu_disi
Bugün hava çok güzel lütfen,konu_disi
Seyahat etmeyi sever misin?,konu_disi
Film önerir misin? lütfen,konu_disi
Film önerir misin?,konu_disi
Kitap önerisi verir misin?,konu_disi
Hangi müzikleri dinliyorsun?,konu_disi
Tatil planın var mı?,konu_disi
Hafta sonu planların neler? lütfen,konu_disi
Bugün nasılsın? olur mu?,konu_disi
Tatil planın var mı?,konu_disi
Hava nasıl bugün?,konu_disi
Hava nasıl bugün?,konu_disi
Tatil planın var mı?,konu_disi
Bugün nasılsın? lütfen,konu_disi
Tatil planın var mı?,konu_disi
Bugün nasılsın?,konu_disi
Film önerir misin? lütfen,konu_disi
Hava nasıl bugün?,konu_disi
Seyahat etmeyi sever misin?,konu_disi
Hafta sonu planların neler? lütfen,konu_disi
Film önerir misin?,konu_disi
Kitap önerisi verir misin?,konu_disi
Bugün hava çok güzel,konu_disi
Hafta sonu planların neler? lütfen,konu_disi
Seyahat etmeyi sever misin?,konu_disi
Hangi müzikleri dinliyorsun?,konu_disi
Bugün nasılsın? olur mu?,konu_disi
Bugün hava çok güzel lütfen,konu_disi
Seyahat etmeyi sever misin?,konu_disi
Kitap önerisi verir misin?,konu_disi
Bugün hava çok güzel lütfen,konu_disi
Seyahat etmeyi sever misin? olur mu?,konu_disi
Bugün hava çok güzel,konu_disi
Film önerir misin?,konu_disi
Tatil planın var mı?,konu_disi
Hafta sonu planların neler? lütfen,konu_disi
Bugün nasılsın? olur mu?,konu_disi
Hava nasıl bugün?,konu_disi
Bugün nasılsın?,konu_disi
Kitap önerisi verir misin?,konu_disi
Hafta sonu planların neler? olur mu?,konu_disi
Hafta sonu planların neler?,konu_disi
Spor yapmayı seviyor musun?,konu_disi
Bugün nasılsın?,konu_disi
Hangi müzikleri dinliyorsun? lütfen,konu_disi
Bugün nasılsın? lütfen,konu_disi
Film önerir misin? lütfen,konu_disi
Hangi müzikleri dinliyorsun? olur mu?,konu_disi
Seyahat etmeyi sever misin?,konu_disi
Hafta sonu planların neler?,konu_disi
Hava nasıl bugün? lütfen,konu_disi
Hangi müzikleri dinliyorsun? lütfen,konu_disi
Hava nasıl bugün?,konu_disi
Hafta sonu planların neler? lütfen,konu_disi
Hava nasıl bugün? olur mu?,konu_disi
Hava nasıl bugün?,konu_disi
Tatil planın var mı?,konu_disi